5,dr goldberg offer everyth look general practition hes nice easi talk without patron hes alway time see patient hes affili topnotch hospit nyu parent explain import case someth happen need surgeri get referr see specialist without see first realli need im sit tri think complaint im realli draw blank
2,unfortun frustrat dr goldberg patient repeat experi ive mani doctor nyc  good doctor terribl staff seem staff simpli never answer phone usual take 2 hour repeat call get answer time want deal run problem mani doctor dont get offic worker patient medic need isnt anyon answer phone incomprehens work aggrav regret feel give dr goldberg 2 star
4,go dr goldberg 10 year think one 1st patient start mhmg hes great year realli big pictur former gyn dr markoff found fibroid explor option patient understand doesnt judg ask right question thorough want kept loop everi aspect medic health life
4,got letter mail last week said dr goldberg move arizona take new posit june miss much nni think find new doctor nyc actual like might almost aw tri find date
1,dont know dr goldberg like move arizona let tell stay away doctor offic go dr johnson left goldberg took johnson left care doctor interest copay come medic refil everi month give refil could less patientss financi situat tri get 90 day mail away pharmaci prescript guy joke make matter even wors offic staff incompet 90 time call offic theyll put voic mail one ever answer return call adult children husband decid leav practic experienc frustrat entir offic attitud like favor give break stay away doc practic deserv better realli need never felt compel write bad review anyon met pathet excus doctor money
5,top notch doctor top notch practic cant say surpris refer anoth doctor think wonder went one best medic school countri nit realli easi get appoint minim wait seen bedsid manner great
5,dr eric goldberg fantast doctor correct diagnos everi issu wife unlik mani past doctor dr goldberg access abl schedul appoint staff quick happi neighborhood look forward patient mani year come
1,im write review give head see doctor offic staff administr unprofession left messag multipl peopl regard bill one ever call back hound get answer bill nnsecond import make sure insur go cover dr goldberg visit blood work recommend get physic knew student told got physic done later found health insur doesnt pay prevent visit receiv 80000 bill blood work cant pay bill im student dont cash flow current time cant believ doctor wouldnt give head make sure insur would cover work wasnt necessari strict prevent offic cant anyth help cover bill addit offic staff said onus make sure insur cover visit frustrat situat
2,wing sauc like water pretti much lot butter hot sauc frank red hot mayb whole wing good size crispi 1 wing sauc could better hot extra hot flavorheat fish sandwich good larg portion side decent
3,decent rang somewhat close citi mat pretti solid howev grass rang need tend like hit us open type roughnot amen practic kind defeat purpos go golf rangestil get 3 star rang lit night excel us addict amaz game somewhat short time job kinda suck sometim
